id,first_name,last_name,email,gender,bill
1,Reinold,Bosward,rbosward0@ustream.tv,Male,5920
2,Falkner,Senecaut,fsenecaut1@shinystat.com,Male,8852
3,Yves,Durant,ydurant2@ucsd.edu,Male,2472
4,Arne,Morgan,amorgan3@nhs.uk,Male,575
5,Jacenta,Thorneley,jthorneley4@ucla.edu,Female,9878
6,Liv,Marguerite,lmarguerite5@mail.ru,Female,4922
7,Bondy,Paddock,bpaddock6@auda.org.au,Male,8611
8,Samuele,Wentworth,swentworth7@yale.edu,Male,8351
9,Larine,McCreary,lmccreary8@google.co.uk,Female,2952
10,Parnell,Howis,phowis9@booking.com,Male,1076
11,Vivien,Krook,vkrooka@independent.co.uk,Female,5322
12,Robina,Giraudeau,rgiraudeaub@linkedin.com,Female,3984
13,Mag,Attril,mattrilc@ning.com,Female,5288
14,Karrah,Say,ksayd@statcounter.com,Female,5728
15,Rickard,Bixley,rbixleye@mlb.com,Male,6934
16,Roselle,Pitkins,rpitkinsf@privacy.gov.au,Female,4571
17,Patty,Josefowicz,pjosefowiczg@nymag.com,Male,6509
18,Jessa,Houseago,jhouseagoh@wufoo.com,Female,4085
19,Gill,Springall,gspringalli@dropbox.com,Male,3304
20,Farrel,Antrobus,fantrobusj@chron.com,Male,1202
21,Barbie,Wilkins,bwilkinsk@booking.com,Female,8813
22,Millie,Morgue,mmorguel@bravesites.com,Female,3963
23,Blake,Riditch,briditchm@ucoz.ru,Male,7636
24,Anna-diane,Benezet,abenezetn@cafepress.com,Female,6824
25,Freddy,Cregin,fcregino@businessinsider.com,Male,2823
26,Gerik,Beran,gberanp@webs.com,Male,7543
27,Archibold,Sinyard,asinyardq@google.com.hk,Male,444
28,Goran,Ducker,gduckerr@tiny.cc,Male,7492
29,Hughie,Doerffer,hdoerffers@technorati.com,Male,2315
30,Sisile,Shermar,sshermart@devhub.com,Female,7278
31,Correna,Lemary,clemaryu@t.co,Female,3125
32,Babs,Mixer,bmixerv@yahoo.co.jp,Female,6237
33,Anselm,Wick,awickw@yolasite.com,Male,8414
34,Tonye,Comben,tcombenx@redcross.org,Female,3441
35,Sax,McPeake,smcpeakey@census.gov,Male,6709
36,Catrina,Royal,croyalz@icio.us,Female,5101
37,Neddy,Doni,ndoni10@ca.gov,Male,1391
38,Maggie,Elia,melia11@infoseek.co.jp,Female,6122
39,Amalita,Udy,audy12@addtoany.com,Female,8732
40,Gayelord,Careswell,gcareswell13@foxnews.com,Male,2938
41,Rhetta,Lydall,rlydall14@ucsd.edu,Female,1332
42,Catrina,Bentley,cbentley15@mapy.cz,Female,145
43,Nat,Izon,nizon16@t.co,Female,5668
44,Shanan,Careless,scareless17@unesco.org,Male,1502
45,Odell,Sudron,osudron18@desdev.cn,Male,9551
46,Ethel,Grazier,egrazier19@wufoo.com,Female,5162
47,Miguel,Oswal,moswal1a@reddit.com,Male,2689
48,Barbi,Peterson,bpeterson1b@dagondesign.com,Female,5230
49,Bari,Bahls,bbahls1c@ameblo.jp,Female,4090
50,Quintin,Bentick,qbentick1d@google.ca,Male,3032
51,Orelee,Ralls,oralls1e@who.int,Female,2442
52,Garold,Kane,gkane1f@hatena.ne.jp,Male,2574
53,Retha,Moorey,rmoorey1g@cargocollective.com,Female,3360
54,Vonnie,Chesshyre,vchesshyre1h@google.cn,Female,7486
55,Valaria,Sheen,vsheen1i@omniture.com,Female,7364
56,Raynell,Nassey,rnassey1j@symantec.com,Female,3745
57,Colan,Hassey,chassey1k@jugem.jp,Male,4768
58,Clementine,Commander,ccommander1l@harvard.edu,Female,7269
59,Storm,Delia,sdelia1m@telegraph.co.uk,Female,7651
60,Giulio,Crolla,gcrolla1n@imgur.com,Male,3425
61,Lowell,Cornford,lcornford1o@salon.com,Male,9316
62,Linette,More,lmore1p@shop-pro.jp,Female,6428
63,Tomasina,Avann,tavann1q@newsvine.com,Female,8359
64,Olwen,Davidovsky,odavidovsky1r@hao123.com,Female,9237
65,Molli,Biswell,mbiswell1s@harvard.edu,Female,3894
66,Clarey,Wilfinger,cwilfinger1t@cafepress.com,Female,7824
67,Khalil,Mansell,kmansell1u@fastcompany.com,Male,3608
68,Guinna,Clipson,gclipson1v@printfriendly.com,Female,8639
69,Hanson,Terrett,hterrett1w@japanpost.jp,Male,668
70,Kayley,Moryson,kmoryson1x@csmonitor.com,Female,6603
71,Karlee,Jones,kjones1y@paginegialle.it,Female,4816
72,Anastasia,Playfoot,aplayfoot1z@webs.com,Female,9236
73,Sammie,Edler,sedler20@phoca.cz,Male,6212
74,Olimpia,Dungate,odungate21@wunderground.com,Female,8212
75,Demetri,Dempster,ddempster22@ebay.com,Male,7887
76,Lezley,Sayse,lsayse23@angelfire.com,Male,9311
77,Berne,Mignot,bmignot24@gmpg.org,Male,1139
78,Lev,Crinage,lcrinage25@rakuten.co.jp,Male,524
79,Flinn,Rowsel,frowsel26@rediff.com,Male,2085
80,Chevy,Forrestor,cforrestor27@nps.gov,Male,5494
81,Kerwinn,Sizland,ksizland28@google.pl,Male,9675
82,Warner,Hetterich,whetterich29@ask.com,Male,3608
83,Gertruda,Baline,gbaline2a@ted.com,Female,7502
84,Martie,Pavlovsky,mpavlovsky2b@google.co.uk,Female,5384
85,Elysha,Anders,eanders2c@mozilla.org,Female,5249
86,Sybyl,Krammer,skrammer2d@state.gov,Female,8273
87,Winifield,Browell,wbrowell2e@netlog.com,Male,2979
88,Jerrie,Craigheid,jcraigheid2f@unc.edu,Female,3727
89,Becky,Climo,bclimo2g@t-online.de,Female,6532
90,Horatius,Blizard,hblizard2h@wix.com,Male,9486
91,Ravi,Broxis,rbroxis2i@wisc.edu,Male,9230
92,Andria,Morley,amorley2j@ibm.com,Female,6345
93,Kit,Lack,klack2k@twitpic.com,Female,7962
94,Eldridge,Vell,evell2l@1688.com,Male,9420
95,Lissie,Baroch,lbaroch2m@devhub.com,Female,5713
96,Kiri,Pitrelli,kpitrelli2n@digg.com,Female,4913
97,Oriana,Paradise,oparadise2o@craigslist.org,Female,6421
98,Sapphira,Turvie,sturvie2p@redcross.org,Female,6064
99,Coralyn,Fogel,cfogel2q@skype.com,Female,2208
100,Ferrell,Wardley,fwardley2r@bluehost.com,Male,2493
101,Huberto,Poulden,hpoulden2s@mit.edu,Male,9090
102,Allix,Durtnall,adurtnall2t@ftc.gov,Female,5150
103,Abe,Goodread,agoodread2u@webeden.co.uk,Male,1909
104,Tyrus,Paddell,tpaddell2v@phoca.cz,Male,8623
105,Jecho,Fookes,jfookes2w@japanpost.jp,Male,7265
106,Dru,Dodge,ddodge2x@ox.ac.uk,Female,7069
107,Salvador,Brezlaw,sbrezlaw2y@flavors.me,Male,6179
108,Anthia,Merdew,amerdew2z@nbcnews.com,Female,9431
109,Jaquenetta,Swale,jswale30@bravesites.com,Female,9237
110,Kerianne,Bather,kbather31@ucoz.ru,Female,2704
111,Francois,Axtonne,faxtonne32@squidoo.com,Male,6604
112,Mata,Kittley,mkittley33@answers.com,Male,3651
113,Lesli,Kinney,lkinney34@tripod.com,Female,261
114,Adamo,Gallant,agallant35@addthis.com,Male,651
115,Vitia,Argrave,vargrave36@aol.com,Female,4640
116,Ailbert,Osmar,aosmar37@usgs.gov,Male,4509
117,Ernestus,Jeyness,ejeyness38@amazon.co.uk,Male,3008
118,Byran,Yele,byele39@nps.gov,Male,1949
119,Kelley,McIleen,kmcileen3a@github.com,Female,8448
120,Aksel,Ibeson,aibeson3b@xrea.com,Male,3720
121,Olivie,Hassekl,ohassekl3c@reference.com,Female,3617
122,Roderic,Coghlan,rcoghlan3d@bravesites.com,Male,811
123,Elysha,Flahy,eflahy3e@pbs.org,Female,8969
124,Amanda,Shurrocks,ashurrocks3f@purevolume.com,Female,646
125,Cobby,Linny,clinny3g@live.com,Male,8711
126,Francklyn,Camber,fcamber3h@fema.gov,Male,5044
127,Carena,Redmire,credmire3i@bigcartel.com,Female,6926
128,Derek,Levick,dlevick3j@dailymotion.com,Male,8614
129,Conchita,Maile,cmaile3k@mayoclinic.com,Female,8945
130,Murray,Manuaud,mmanuaud3l@unicef.org,Male,9169
131,Zsa zsa,Dearden,zdearden3m@nymag.com,Female,9394
132,Kerry,Gietz,kgietz3n@unc.edu,Male,2095
133,Kelcy,Bellamy,kbellamy3o@umn.edu,Female,2253
134,Cristine,Reddie,creddie3p@unesco.org,Female,4112
135,Raphaela,Honacker,rhonacker3q@salon.com,Female,8707
136,Bernarr,Crackel,bcrackel3r@telegraph.co.uk,Male,1561
137,Marice,Pignon,mpignon3s@joomla.org,Female,7378
138,Sutherlan,Fearey,sfearey3t@wikia.com,Male,8404
139,Ferguson,Cowe,fcowe3u@nbcnews.com,Male,5604
140,Fayre,Hedderly,fhedderly3v@imageshack.us,Female,5420
141,Shanan,Gimert,sgimert3w@about.me,Male,9600
142,Hedwiga,Pizzey,hpizzey3x@china.com.cn,Female,9226
143,Esra,O'Leary,eoleary3y@github.io,Male,8230
144,Lorin,Barbara,lbarbara3z@imgur.com,Male,8584
145,Dame,Yanshonok,dyanshonok40@php.net,Male,592
146,Gusella,Hallows,ghallows41@kickstarter.com,Female,8763
147,Pooh,Cornilli,pcornilli42@jugem.jp,Male,2991
148,Mick,Beeton,mbeeton43@mediafire.com,Male,9983
149,Bradley,Dobrowski,bdobrowski44@goo.gl,Male,2895
150,Ivette,Motte,imotte45@fotki.com,Female,3907
151,Denice,Gimber,dgimber46@amazon.co.jp,Female,1007
152,Shanna,Benardette,sbenardette47@tinypic.com,Female,1578
153,Reagen,Ratnege,rratnege48@xrea.com,Male,8227
154,Cozmo,Fleetham,cfleetham49@mapy.cz,Male,3007
155,Babita,McClaughlin,bmcclaughlin4a@i2i.jp,Female,724
156,Eal,Lippatt,elippatt4b@imgur.com,Male,1036
157,Marcello,Ovesen,movesen4c@infoseek.co.jp,Male,881
158,Judith,Cossam,jcossam4d@uiuc.edu,Female,1106
159,Randi,Leaney,rleaney4e@wisc.edu,Male,611
160,Marketa,Coltherd,mcoltherd4f@pinterest.com,Female,4975
161,Morten,Larrington,mlarrington4g@devhub.com,Male,9280
162,Neale,Pohlke,npohlke4h@smh.com.au,Male,4590
163,Waylon,Backe,wbacke4i@sakura.ne.jp,Male,6423
164,Mic,Dellenbroker,mdellenbroker4j@china.com.cn,Male,8737
165,Caterina,Kalinsky,ckalinsky4k@stanford.edu,Female,3697
166,Palm,Keemar,pkeemar4l@cocolog-nifty.com,Male,3713
167,Dean,Jeduch,djeduch4m@ucsd.edu,Male,9667
168,Omar,Penhalewick,openhalewick4n@wikia.com,Male,1741
169,Mommy,Binning,mbinning4o@tinypic.com,Female,9673
170,Zedekiah,Falla,zfalla4p@unc.edu,Male,1065
171,Marylin,Guynemer,mguynemer4q@wired.com,Female,6722
172,Frederique,Hallatt,fhallatt4r@house.gov,Female,2586
173,Durward,Ambrogioni,dambrogioni4s@archive.org,Male,3688
174,Isacco,Harkes,iharkes4t@xinhuanet.com,Male,4064
175,Harmonia,Rowney,hrowney4u@gravatar.com,Female,1853
176,Beverly,McLoughlin,bmcloughlin4v@nasa.gov,Female,2612
177,Mackenzie,Ayers,mayers4w@sourceforge.net,Male,4806
178,Clarke,Tirrell,ctirrell4x@nyu.edu,Male,1892
179,Shena,Parren,sparren4y@privacy.gov.au,Female,2690
180,Vivien,Meineken,vmeineken4z@google.ru,Female,7376
181,Zebulon,Lenoir,zlenoir50@weather.com,Male,6845
182,Carny,Brixham,cbrixham51@4shared.com,Male,4736
183,Allene,de Vaen,adevaen52@ucsd.edu,Female,9980
184,Brendis,Weeds,bweeds53@cnet.com,Male,3809
185,Gerri,Golda,ggolda54@bizjournals.com,Male,8140
186,Drucie,Camous,dcamous55@soup.io,Female,9540
187,Khalil,Leopard,kleopard56@theatlantic.com,Male,7338
188,Shellysheldon,O'Teague,soteague57@mail.ru,Male,5731
189,Stern,Eisikowitz,seisikowitz58@xrea.com,Male,4409
190,Ermengarde,Woolens,ewoolens59@google.ru,Female,158
191,Cornie,Izatt,cizatt5a@multiply.com,Female,2375
192,Danica,Rose,drose5b@webmd.com,Female,2820
193,Karrie,Petrolli,kpetrolli5c@cloudflare.com,Female,9296
194,Ephraim,Andreazzi,eandreazzi5d@sohu.com,Male,5904
195,Jessi,Marxsen,jmarxsen5e@ucoz.ru,Female,3736
196,Francis,Casero,fcasero5f@mysql.com,Male,9796
197,Parker,Petchell,ppetchell5g@indiegogo.com,Male,2830
198,Devin,Hailey,dhailey5h@narod.ru,Male,9635
199,Darline,Fullylove,dfullylove5i@typepad.com,Female,9266
200,Keriann,Ridger,kridger5j@goo.ne.jp,Female,189
201,Gilly,Bucksey,gbucksey5k@discovery.com,Female,2139
202,Dodi,Dumberell,ddumberell5l@istockphoto.com,Female,7176
203,Harrie,Eastbury,heastbury5m@qq.com,Female,1629
204,Crysta,Meneely,cmeneely5n@github.com,Female,193
205,Arron,Sheed,asheed5o@tinyurl.com,Male,7613
206,Tod,Decreuze,tdecreuze5p@unesco.org,Male,1761
207,Pebrook,Bowler,pbowler5q@discuz.net,Male,3304
208,Nils,Allbon,nallbon5r@yellowpages.com,Male,1985
209,Fidelio,Lounds,flounds5s@cyberchimps.com,Male,1130
210,Bell,Meaker,bmeaker5t@zdnet.com,Female,3326
211,Uta,Stanley,ustanley5u@addtoany.com,Female,9999
212,Duffie,Stafford,dstafford5v@redcross.org,Male,6628
213,Cyndy,Sitlington,csitlington5w@state.tx.us,Female,4656
214,Etty,Baulch,ebaulch5x@comcast.net,Female,3764
215,Britt,Offield,boffield5y@senate.gov,Male,466
216,Rivy,Gallone,rgallone5z@issuu.com,Female,9464
217,Pip,Jarmain,pjarmain60@auda.org.au,Male,1046
218,Stefan,Brugh,sbrugh61@lycos.com,Male,5645
219,Ulric,Glabach,uglabach62@earthlink.net,Male,5917
220,Keefe,Schonfeld,kschonfeld63@reference.com,Male,9712
221,Marja,Lively,mlively64@npr.org,Female,7221
222,Durward,Bradnock,dbradnock65@sohu.com,Male,3823
223,Gwenette,Steggals,gsteggals66@biblegateway.com,Female,6311
224,Zeb,Guillem,zguillem67@naver.com,Male,8821
225,Wyatt,Riddler,wriddler68@google.com.br,Male,9488
226,Karyn,Hellen,khellen69@etsy.com,Female,1267
227,Dagny,Yandell,dyandell6a@surveymonkey.com,Male,1062
228,Annalise,Gracey,agracey6b@unblog.fr,Female,580
229,Nissy,Docharty,ndocharty6c@ow.ly,Female,6514
230,Vivianne,Gooderick,vgooderick6d@fc2.com,Female,9936
231,Amelie,Harteley,aharteley6e@icio.us,Female,6907
232,Aubrey,Billitteri,abillitteri6f@opensource.org,Female,5410
233,Tiebout,Innett,tinnett6g@whitehouse.gov,Male,2263
234,Julie,Kember,jkember6h@furl.net,Male,1338
235,Lanie,Cicconettii,lcicconettii6i@studiopress.com,Male,8013
236,Rodrigo,Ferrario,rferrario6j@imdb.com,Male,1012
237,Jdavie,Baulk,jbaulk6k@posterous.com,Male,9461
238,Loreen,Abramowsky,labramowsky6l@abc.net.au,Female,2998
239,Wells,Sargeant,wsargeant6m@vimeo.com,Male,3010
240,Ferdie,Chisolm,fchisolm6n@cafepress.com,Male,6237
241,Lev,Jagiello,ljagiello6o@dropbox.com,Male,9234
242,Taddeusz,Beccero,tbeccero6p@amazon.de,Male,7808
243,Raimondo,Prydie,rprydie6q@quantcast.com,Male,4703
244,Harrison,Murrie,hmurrie6r@alibaba.com,Male,9915
245,Therine,Cops,tcops6s@jugem.jp,Female,7000
246,Glenna,Lamey,glamey6t@timesonline.co.uk,Female,3475
247,Jeanie,Meharg,jmeharg6u@bbb.org,Female,8239
248,Giulio,Whaites,gwhaites6v@oaic.gov.au,Male,2753
249,Mallorie,Ostick,mostick6w@unesco.org,Female,5695
250,Ansley,Pehrsson,apehrsson6x@reddit.com,Female,5521
251,Ada,Lawles,alawles6y@freewebs.com,Female,8382
252,Darsie,Fuge,dfuge6z@google.co.uk,Female,5430
253,Winona,Kelshaw,wkelshaw70@japanpost.jp,Female,9959
254,Lucie,Robertz,lrobertz71@amazon.de,Female,1652
255,Isabel,Sandaver,isandaver72@istockphoto.com,Female,1066
256,Golda,Rilton,grilton73@twitpic.com,Female,5436
257,Rozelle,Ecclestone,recclestone74@businesswire.com,Female,3207
258,Johannah,Dendon,jdendon75@ifeng.com,Female,2095
259,Sasha,Doumer,sdoumer76@ucoz.com,Female,1968
260,Mitchel,Dunmore,mdunmore77@printfriendly.com,Male,1711
261,Amabel,Edgley,aedgley78@youtu.be,Female,1268
262,Charlotte,Bloan,cbloan79@wix.com,Female,9346
263,Seline,Whall,swhall7a@vk.com,Female,7138
264,Kass,Tingcomb,ktingcomb7b@cbslocal.com,Female,6642
265,Matteo,Lawlor,mlawlor7c@yahoo.co.jp,Male,7099
266,Harlan,Gledhall,hgledhall7d@networksolutions.com,Male,5821
267,Ellswerth,Kilshaw,ekilshaw7e@prnewswire.com,Male,6592
268,Harlan,Guthrum,hguthrum7f@sakura.ne.jp,Male,6020
269,Avrom,Heaker,aheaker7g@wordpress.com,Male,7885
270,Peri,Stook,pstook7h@acquirethisname.com,Female,9014
271,Artair,Clarycott,aclarycott7i@comsenz.com,Male,1658
272,Micah,Dennes,mdennes7j@utexas.edu,Male,8545
273,Halsey,Henrichsen,hhenrichsen7k@hao123.com,Male,5198
274,Stormy,Baudesson,sbaudesson7l@paypal.com,Female,8846
275,Dahlia,Balham,dbalham7m@goo.ne.jp,Female,6435
276,Maura,Haselup,mhaselup7n@indiatimes.com,Female,4470
277,Vivienne,Dryburgh,vdryburgh7o@seattletimes.com,Female,9663
278,Magdalen,Daniaud,mdaniaud7p@trellian.com,Female,3756
279,Rolando,Peever,rpeever7q@aol.com,Male,6924
280,Evelyn,Hacard,ehacard7r@accuweather.com,Male,6130
281,Holmes,Barchrameev,hbarchrameev7s@businessweek.com,Male,1020
282,Chicky,Crame,ccrame7t@mapquest.com,Female,7898
283,Madalyn,Fourmy,mfourmy7u@sciencedaily.com,Female,9197
284,Ramona,Maha,rmaha7v@blogtalkradio.com,Female,8320
285,Jarid,Stronge,jstronge7w@qq.com,Male,2391
286,Allyn,Nealey,anealey7x@virginia.edu,Male,9719
287,Adrianne,Infantino,ainfantino7y@multiply.com,Female,9020
288,Sloan,Laminman,slaminman7z@ovh.net,Male,4700
289,Henka,Gadie,hgadie80@prlog.org,Female,2065
290,Dietrich,Kensley,dkensley81@tripadvisor.com,Male,2247
291,Maren,Spinetti,mspinetti82@marketwatch.com,Female,5286
292,Dot,Menear,dmenear83@jiathis.com,Female,8815
293,Sonya,Kenson,skenson84@sun.com,Female,1642
294,Oberon,Voisey,ovoisey85@woothemes.com,Male,3836
295,Erastus,Jewsbury,ejewsbury86@google.pl,Male,3186
296,Malachi,Hawkslee,mhawkslee87@discovery.com,Male,4754
297,Filmore,Finlow,ffinlow88@com.com,Male,5022
298,Eberto,Belderfield,ebelderfield89@nsw.gov.au,Male,3351
299,Whitney,Love,wlove8a@moonfruit.com,Male,5586
300,Tristam,Young,tyoung8b@google.de,Male,5374
301,Kyle,Vince,kvince8c@gnu.org,Female,7331
302,Adey,Luesley,aluesley8d@cdbaby.com,Female,6339
303,Rianon,Uccello,ruccello8e@deviantart.com,Female,9183
304,Mitch,Drance,mdrance8f@de.vu,Male,8893
305,Austin,Connah,aconnah8g@creativecommons.org,Female,5747
306,Cordie,Teale,cteale8h@admin.ch,Male,2797
307,Joyous,Fallowes,jfallowes8i@vimeo.com,Female,3234
308,Murdoch,Trebilcock,mtrebilcock8j@bloglines.com,Male,3053
309,Evangelina,Gilbeart,egilbeart8k@state.tx.us,Female,7670
310,Tully,Ainscough,tainscough8l@nifty.com,Male,7607
311,Bartholomew,Oxlee,boxlee8m@theglobeandmail.com,Male,2882
312,Genny,Thackeray,gthackeray8n@1688.com,Female,1780
313,Daphene,Somerset,dsomerset8o@xinhuanet.com,Female,2324
314,Maxi,Morris,mmorris8p@boston.com,Female,9954
315,Editha,Spilsted,espilsted8q@php.net,Female,1001
316,Stavro,Kinsett,skinsett8r@google.fr,Male,1973
317,Rob,Vaudrey,rvaudrey8s@qq.com,Male,2077
318,Courtnay,Jamot,cjamot8t@de.vu,Female,8024
319,Tony,Twamley,ttwamley8u@google.co.jp,Male,9781
320,Hulda,Ashley,hashley8v@tripadvisor.com,Female,3686
321,Tamarah,Le land,tleland8w@vk.com,Female,7162
322,Anjanette,MacGall,amacgall8x@ft.com,Female,8675
323,Wendy,Grieger,wgrieger8y@deliciousdays.com,Female,5567
324,Demetra,Savile,dsavile8z@reddit.com,Female,6119
325,Rozella,Doy,rdoy90@studiopress.com,Female,675
326,Bartolomeo,Fearon,bfearon91@illinois.edu,Male,8846
327,Charles,Byk,cbyk92@biblegateway.com,Male,2492
328,Lucho,Pellington,lpellington93@webmd.com,Male,5838
329,Lillian,Sirmon,lsirmon94@hud.gov,Female,7992
330,Talyah,Feron,tferon95@tumblr.com,Female,2723
331,Vince,Frango,vfrango96@webmd.com,Male,6242
332,Stefa,Minocchi,sminocchi97@sbwire.com,Female,4765
333,Marcela,Ledbetter,mledbetter98@jimdo.com,Female,1792
334,Omar,Beeho,obeeho99@webmd.com,Male,1200
335,Geordie,Milkeham,gmilkeham9a@usatoday.com,Male,7299
336,Iggy,Selburn,iselburn9b@earthlink.net,Male,4536
337,Towny,Decort,tdecort9c@w3.org,Male,3760
338,Shalna,Josovich,sjosovich9d@narod.ru,Female,7478
339,Melony,Wheatcroft,mwheatcroft9e@dailymail.co.uk,Female,8883
340,Mic,O'Driscoll,modriscoll9f@eepurl.com,Male,4943
341,Emlyn,Setch,esetch9g@mapquest.com,Male,9735
342,Sky,Guillford,sguillford9h@spotify.com,Male,7135
343,Aguie,Costell,acostell9i@icq.com,Male,1895
344,Harley,Raffels,hraffels9j@e-recht24.de,Female,4745
345,Trueman,McElmurray,tmcelmurray9k@constantcontact.com,Male,1615
346,Ulrick,Ellgood,uellgood9l@macromedia.com,Male,1275
347,Ahmad,Myner,amyner9m@ucoz.com,Male,7227
348,Gothart,Feuell,gfeuell9n@meetup.com,Male,844
349,Athena,Blumfield,ablumfield9o@dropbox.com,Female,7010
350,Maddy,Flucker,mflucker9p@buzzfeed.com,Female,7294
351,Charline,Cullivan,ccullivan9q@cbsnews.com,Female,5601
352,Artus,Hughman,ahughman9r@cbc.ca,Male,3051
353,Ashlin,Marsland,amarsland9s@lycos.com,Male,4057
354,Ryon,Lamzed,rlamzed9t@nytimes.com,Male,3330
355,Margery,McBeith,mmcbeith9u@drupal.org,Female,1689
356,Drud,Bangiard,dbangiard9v@who.int,Male,119
357,Gerrard,Maciaszczyk,gmaciaszczyk9w@amazonaws.com,Male,5328
358,Bradan,Charters,bcharters9x@symantec.com,Male,9498
359,Marris,Carrel,mcarrel9y@go.com,Female,6877
360,Kristo,Grace,kgrace9z@shinystat.com,Male,1643
361,Libby,Prevett,lprevetta0@edublogs.org,Female,2397
362,Sheela,Kruse,skrusea1@ft.com,Female,6930
363,Sly,Fosh,sfosha2@alexa.com,Male,7922
364,Hillie,Cavy,hcavya3@examiner.com,Male,2677
365,Llywellyn,Deetch,ldeetcha4@marriott.com,Male,5427
366,Niki,Wilse,nwilsea5@dion.ne.jp,Male,5204
367,Kylie,Fillis,kfillisa6@ehow.com,Male,3990
368,Margarita,Meddick,mmeddicka7@163.com,Female,4593
369,Alessandra,Orcott,aorcotta8@paypal.com,Female,6655
370,Burk,Treske,btreskea9@usda.gov,Male,5007
371,Ole,Hosburn,ohosburnaa@yandex.ru,Male,8010
372,Gavin,Braine,gbraineab@archive.org,Male,8531
373,Lucille,Landman,llandmanac@webs.com,Female,4759
374,Merwyn,Given,mgivenad@storify.com,Male,1806
375,Theodosia,Rohfsen,trohfsenae@lulu.com,Female,7432
376,Una,Deverson,udeversonaf@addthis.com,Female,5750
377,Moises,Brakespear,mbrakespearag@usnews.com,Male,1553
378,Loella,Palfrey,lpalfreyah@economist.com,Female,9476
379,Tiebold,Gallihawk,tgallihawkai@gmpg.org,Male,4402
380,Chickie,Lockhart,clockhartaj@canalblog.com,Female,6781
381,Alexandra,Lennon,alennonak@a8.net,Female,1105
382,Guss,Jory,gjoryal@google.fr,Male,4655
383,Avrom,Tout,atoutam@ebay.com,Male,5097
384,Dalton,Hawket,dhawketan@fc2.com,Male,6514
385,Aldrich,Kubczak,akubczakao@oaic.gov.au,Male,6356
386,Brena,Duplan,bduplanap@europa.eu,Female,6957
387,Uriah,O'Cannovane,uocannovaneaq@umn.edu,Male,2552
388,Kilian,Samwyse,ksamwysear@mozilla.org,Male,2403
389,Sly,D'Angeli,sdangelias@jigsy.com,Male,3438
390,Gerta,Vose,gvoseat@php.net,Female,6442
391,Fredelia,Breston,fbrestonau@tamu.edu,Female,345
392,Gabrila,Cosley,gcosleyav@weather.com,Female,7153
393,Karly,Wogden,kwogdenaw@parallels.com,Female,5859
394,Fredia,Matterface,fmatterfaceax@weather.com,Female,4642
395,Fey,McGuffie,fmcguffieay@marketwatch.com,Female,2264
396,Ericka,Maypother,emaypotheraz@chicagotribune.com,Female,6360
397,Dewey,Oulett,doulettb0@tumblr.com,Male,3959
398,Ricky,Sissot,rsissotb1@tumblr.com,Male,4652
399,Olga,Doggerell,odoggerellb2@foxnews.com,Female,511
400,Leila,Jewis,ljewisb3@phpbb.com,Female,3459
401,Salomo,Isaacson,sisaacsonb4@merriam-webster.com,Male,8896
402,Robena,Eadmead,readmeadb5@mlb.com,Female,6154
403,Alfredo,Rochford,arochfordb6@apple.com,Male,978
404,Monty,Peet,mpeetb7@networksolutions.com,Male,535
405,Dur,Chasmor,dchasmorb8@over-blog.com,Male,6544
406,Nonie,Paulmann,npaulmannb9@angelfire.com,Female,1125
407,Atlanta,Joret,ajoretba@barnesandnoble.com,Female,2859
408,Clarette,Corwood,ccorwoodbb@ustream.tv,Female,6320
409,Jenda,Mazzia,jmazziabc@unc.edu,Female,1072
410,Hersch,Yerrall,hyerrallbd@topsy.com,Male,7843
411,Lemmie,Hotchkin,lhotchkinbe@ucoz.com,Male,5117
412,Jeanne,Yegorchenkov,jyegorchenkovbf@wix.com,Female,1985
413,Westley,Sansome,wsansomebg@scientificamerican.com,Male,3639
414,Geneva,Hansed,ghansedbh@uol.com.br,Female,1722
415,Gerianna,Riccard,griccardbi@webnode.com,Female,4089
416,Veriee,Wretham,vwrethambj@uiuc.edu,Female,6157
417,Laura,Faint,lfaintbk@issuu.com,Female,7121
418,Skye,Jochanany,sjochananybl@psu.edu,Male,8772
419,Merwin,Haycraft,mhaycraftbm@jiathis.com,Male,9668
420,Klarika,Sawkins,ksawkinsbn@photobucket.com,Female,1350
421,Rosaleen,Gadman,rgadmanbo@va.gov,Female,758
422,Justus,Alp,jalpbp@w3.org,Male,1128
423,Lucila,Downie,ldowniebq@tamu.edu,Female,3139
424,Denis,Lumsdaine,dlumsdainebr@jigsy.com,Male,2456
425,Karrah,Husby,khusbybs@shop-pro.jp,Female,7804
426,Casey,Quemby,cquembybt@g.co,Male,1067
427,Nyssa,Heineking,nheinekingbu@lycos.com,Female,4904
428,Cob,Durnall,cdurnallbv@yellowpages.com,Male,4690
429,Thorpe,Bazek,tbazekbw@booking.com,Male,350
430,Clayton,Doust,cdoustbx@privacy.gov.au,Male,2688
431,Nicholas,Bunce,nbunceby@infoseek.co.jp,Male,2454
432,Cristi,Salzburg,csalzburgbz@tripod.com,Female,3622
433,Shauna,Govern,sgovernc0@youtube.com,Female,8226
434,Jorge,Pomfrett,jpomfrettc1@spotify.com,Male,5184
435,Livia,Cornelleau,lcornelleauc2@trellian.com,Female,8328
436,Malchy,Lattin,mlattinc3@alibaba.com,Male,5569
437,Rance,Mixter,rmixterc4@lycos.com,Male,7119
438,Dennet,Rounce,drouncec5@nature.com,Male,7102
439,Helaine,Norcop,hnorcopc6@rambler.ru,Female,3087
440,Ethe,McGuffie,emcguffiec7@zimbio.com,Male,3212
441,Conan,Knagges,cknaggesc8@geocities.jp,Male,853
442,Mano,Tebb,mtebbc9@ucla.edu,Male,4567
443,Elnore,Aggiss,eaggissca@ucoz.com,Female,2957
444,Bell,Hulls,bhullscb@ustream.tv,Female,1699
445,Maggi,Auton,mautoncc@mozilla.com,Female,168
446,Dom,Kimbling,dkimblingcd@free.fr,Male,5757
447,Victoria,Yakolev,vyakolevce@discovery.com,Female,249
448,Hettie,Beacom,hbeacomcf@geocities.com,Female,6832
449,Olva,Lohan,olohancg@zimbio.com,Female,1566
450,Gretchen,Meineck,gmeineckch@facebook.com,Female,7946
451,Bartolemo,Debrick,bdebrickci@usnews.com,Male,292
452,Valentine,McGarrell,vmcgarrellcj@chronoengine.com,Male,5631
453,Tedman,Oade,toadeck@dot.gov,Male,5990
454,Marco,Domonkos,mdomonkoscl@about.me,Male,2950
455,Debbi,Nossent,dnossentcm@nyu.edu,Female,2829
456,Renie,Sibbe,rsibbecn@discovery.com,Female,138
457,Darrick,Feuell,dfeuellco@vkontakte.ru,Male,9596
458,Gardiner,Tetsall,gtetsallcp@godaddy.com,Male,3471
459,Edmon,Gartsyde,egartsydecq@php.net,Male,3272
460,Granny,Tithecott,gtithecottcr@booking.com,Male,4175
461,Madelin,Ceeley,mceeleycs@ycombinator.com,Female,6826
462,Monty,Stoving,mstovingct@europa.eu,Male,4592
463,Luce,Manford,lmanfordcu@gravatar.com,Female,7441
464,Geoffry,Fuchs,gfuchscv@mozilla.org,Male,3706
465,Loise,Sabathe,lsabathecw@dailymotion.com,Female,4336
466,Tabbitha,Siddens,tsiddenscx@vkontakte.ru,Female,4124
467,Reggy,Showen,rshowency@smugmug.com,Male,1847
468,Corine,Runchman,crunchmancz@google.it,Female,1257
469,Jonah,Stonham,jstonhamd0@uiuc.edu,Male,4238
470,Terry,Davinet,tdavinetd1@digg.com,Male,1774
471,Kira,Aspital,kaspitald2@netlog.com,Female,2891
472,Berry,Langcastle,blangcastled3@cbsnews.com,Female,673
473,Ruprecht,Naisey,rnaiseyd4@census.gov,Male,3542
474,Mariele,Enrigo,menrigod5@google.com.hk,Female,9157
475,Camilla,Gansbuhler,cgansbuhlerd6@sbwire.com,Female,2536
476,Effie,Cudde,ecudded7@dagondesign.com,Female,7545
477,Jonathan,Burlingame,jburlingamed8@hubpages.com,Male,7099
478,Chandra,Spradbery,cspradberyd9@mapquest.com,Female,675
479,Lebbie,Ellit,lellitda@unesco.org,Female,7795
480,Kelli,Hanfrey,khanfreydb@goo.ne.jp,Female,3862
481,Bradan,Ponder,bponderdc@github.com,Male,895
482,Timoteo,Dishman,tdishmandd@wp.com,Male,4706
483,Torrey,McQuaid,tmcquaidde@weebly.com,Male,5732
484,Kevyn,Dizlie,kdizliedf@engadget.com,Female,309
485,Kele,Tierny,ktiernydg@cbsnews.com,Male,4218
486,Ives,Libri,ilibridh@shop-pro.jp,Male,357
487,Jolene,Magner,jmagnerdi@ehow.com,Female,806
488,Egbert,McGebenay,emcgebenaydj@unicef.org,Male,1884
489,Rozalie,Twycross,rtwycrossdk@dot.gov,Female,9091
490,Bruis,Lamdin,blamdindl@adobe.com,Male,1851
491,Cristobal,Alvin,calvindm@webeden.co.uk,Male,9962
492,Randee,Garlinge,rgarlingedn@salon.com,Female,8104
493,Papageno,Fairbourn,pfairbourndo@diigo.com,Male,2329
494,York,Bougen,ybougendp@elpais.com,Male,5885
495,Lin,Parren,lparrendq@npr.org,Male,3811
496,Rebbecca,Gulvin,rgulvindr@acquirethisname.com,Female,4670
497,Raynor,Jory,rjoryds@homestead.com,Male,3901
498,Valeda,Sinkings,vsinkingsdt@desdev.cn,Female,8467
499,Ryun,Haughian,rhaughiandu@tmall.com,Male,9422
500,Marlo,Lomasney,mlomasneydv@weibo.com,Male,3359
501,Kissiah,O'Dwyer,kodwyerdw@forbes.com,Female,6771
502,Gilles,Glancy,gglancydx@paginegialle.it,Male,751
503,Cosme,Begley,cbegleydy@ucoz.ru,Male,4679
504,Antonio,Keynes,akeynesdz@engadget.com,Male,9507
505,Roselia,Winchcombe,rwinchcombee0@usatoday.com,Female,6347
506,Sarette,McChesney,smcchesneye1@trellian.com,Female,2427
507,Timothea,Fawlks,tfawlkse2@sfgate.com,Female,6536
508,Rebekah,Quinton,rquintone3@w3.org,Female,8684
509,Candace,Dulton,cdultone4@godaddy.com,Female,2472
510,Evangelina,Roache,eroachee5@forbes.com,Female,7213
511,Vin,Laugheran,vlaugherane6@4shared.com,Male,948
512,Raina,Martensen,rmartensene7@spotify.com,Female,7233
513,Brittani,Canner,bcannere8@jiathis.com,Female,5976
514,Niki,Sleith,nsleithe9@typepad.com,Female,3973
515,Margot,Berrecloth,mberreclothea@4shared.com,Female,1095
516,Dalston,Camelli,dcamellieb@yolasite.com,Male,5187
517,Helen-elizabeth,Petrasso,hpetrassoec@list-manage.com,Female,1353
518,Rudolfo,Bygate,rbygateed@nifty.com,Male,4573
519,Arron,Ditty,adittyee@blogs.com,Male,5904
520,Gus,Catlin,gcatlinef@bizjournals.com,Female,9266
521,Asa,Torres,atorreseg@biblegateway.com,Male,9714
522,Cindie,Adelberg,cadelbergeh@networksolutions.com,Female,6419
523,Meyer,Struis,mstruisei@usda.gov,Male,3652
524,Grover,Spurnier,gspurnierej@artisteer.com,Male,8386
525,Ferdie,Maving,fmavingek@cyberchimps.com,Male,1725
526,Lexi,Merigon,lmerigonel@illinois.edu,Female,5739
527,Muffin,Dyer,mdyerem@google.cn,Male,7023
528,Brandie,Burgis,bburgisen@lulu.com,Female,6890
529,Therese,Liepins,tliepinseo@unicef.org,Female,5711
530,Augustine,Duchart,aduchartep@macromedia.com,Female,7914
531,Saleem,Miquelet,smiqueleteq@nps.gov,Male,9928
532,Vanny,Sidney,vsidneyer@godaddy.com,Female,507
533,Emmott,Ruddom,eruddomes@de.vu,Male,5177
534,Randy,Shakle,rshakleet@cam.ac.uk,Male,9758
535,Aubree,Kinchlea,akinchleaeu@cdbaby.com,Female,7687
536,Benetta,Gyver,bgyverev@arstechnica.com,Female,7059
537,Mame,Klimentyonok,mklimentyonokew@artisteer.com,Female,1513
538,Augusto,Haskur,ahaskurex@intel.com,Male,9584
539,Ernesto,Feyer,efeyerey@mapquest.com,Male,354
540,Ashil,Phizacklea,aphizackleaez@taobao.com,Female,8763
541,Octavius,Gerling,ogerlingf0@chicagotribune.com,Male,5555
542,Trix,Lynock,tlynockf1@cnet.com,Female,9336
543,Edouard,Dullaghan,edullaghanf2@php.net,Male,2412
544,Jacky,MacNalley,jmacnalleyf3@tripadvisor.com,Female,3172
545,Emmanuel,Beech,ebeechf4@cafepress.com,Male,877
546,Gannon,Farra,gfarraf5@miitbeian.gov.cn,Male,7270
547,Jemima,Shevlin,jshevlinf6@umn.edu,Female,7630
548,Rockwell,Ipsgrave,ripsgravef7@ycombinator.com,Male,4586
549,Emmy,Hedaux,ehedauxf8@howstuffworks.com,Female,3563
550,Weber,Byrde,wbyrdef9@comsenz.com,Male,4641
551,Amerigo,Lambdin,alambdinfa@upenn.edu,Male,5306
552,Dasi,Januszewicz,djanuszewiczfb@omniture.com,Female,4086
553,Cordy,Rother,crotherfc@icq.com,Female,358
554,Curran,Danielczyk,cdanielczykfd@tripod.com,Male,6333
555,Anders,Cockren,acockrenfe@123-reg.co.uk,Male,8351
556,Janek,Binny,jbinnyff@washingtonpost.com,Male,4296
557,Burlie,Abrams,babramsfg@vinaora.com,Male,924
558,Harley,Steger,hstegerfh@adobe.com,Female,5067
559,Gay,Ffrench,gffrenchfi@usnews.com,Male,7217
560,Goddart,Breffit,gbreffitfj@usnews.com,Male,2491
561,Andy,Eckersall,aeckersallfk@senate.gov,Male,8583
562,Camellia,McLennan,cmclennanfl@google.cn,Female,3697
563,Axe,Orbon,aorbonfm@gnu.org,Male,4195
564,Terrence,Hazelby,thazelbyfn@spiegel.de,Male,196
565,Dun,Drohan,ddrohanfo@drupal.org,Male,5153
566,Callean,Salmoni,csalmonifp@imdb.com,Male,5514
567,Martino,Blucher,mblucherfq@xinhuanet.com,Male,3814
568,Dell,Albany,dalbanyfr@hc360.com,Male,7982
569,Aleksandr,Rousel,arouselfs@themeforest.net,Male,2644
570,Helen,Ladell,hladellft@posterous.com,Female,3577
571,Luisa,Eykelbosch,leykelboschfu@jalbum.net,Female,2971
572,Dar,Powles,dpowlesfv@nationalgeographic.com,Male,1171
573,Jaquenetta,Pittwood,jpittwoodfw@usatoday.com,Female,3534
574,Garald,Rhelton,grheltonfx@sina.com.cn,Male,1954
575,Sergeant,Ruffy,sruffyfy@epa.gov,Male,9077
576,Marlo,Crowdson,mcrowdsonfz@histats.com,Female,2480
577,Connie,ducarme,cducarmeg0@constantcontact.com,Male,8300
578,Dorelia,Bedson,dbedsong1@reddit.com,Female,5132
579,Daffi,Postians,dpostiansg2@nytimes.com,Female,1485
580,Jehanna,Obern,joberng3@dot.gov,Female,6210
581,Arne,De Giorgi,adegiorgig4@hatena.ne.jp,Male,3242
582,Melloney,Laingmaid,mlaingmaidg5@marriott.com,Female,8988
583,Marcellus,Caudell,mcaudellg6@uiuc.edu,Male,3364
584,Natalie,Benini,nbeninig7@eventbrite.com,Female,9471
585,Gardener,Willshear,gwillshearg8@nationalgeographic.com,Male,8700
586,Carolyn,Epsly,cepslyg9@pagesperso-orange.fr,Female,7693
587,Kala,Orteu,korteuga@economist.com,Female,1646
588,Kara-lynn,Bagger,kbaggergb@skyrock.com,Female,7662
589,Galven,Schenkel,gschenkelgc@bigcartel.com,Male,8112
590,Alyssa,La Batie,alabatiegd@imageshack.us,Female,2581
591,Norina,Rothchild,nrothchildge@dailymotion.com,Female,4560
592,Ellissa,Lazonby,elazonbygf@fema.gov,Female,9960
593,Karly,Schroder,kschrodergg@biglobe.ne.jp,Female,3485
594,Savina,Leport,sleportgh@soundcloud.com,Female,9665
595,Lillian,Whordley,lwhordleygi@ocn.ne.jp,Female,3431
596,Clim,Pawlicki,cpawlickigj@alexa.com,Male,3579
597,Welsh,Southgate,wsouthgategk@wired.com,Male,4833
598,Hilde,Wilkennson,hwilkennsongl@yelp.com,Female,8748
599,Patti,Clarridge,pclarridgegm@mapquest.com,Female,3917
600,Dolley,McVaugh,dmcvaughgn@purevolume.com,Female,8475
601,Trix,Rickards,trickardsgo@adobe.com,Female,9480
602,Anna-diane,Bernardini,abernardinigp@scribd.com,Female,5975
603,Kissie,Polet,kpoletgq@theguardian.com,Female,1024
604,Orland,Bassindale,obassindalegr@mediafire.com,Male,7077
605,Farah,Doey,fdoeygs@scientificamerican.com,Female,2284
606,Dionne,Sprull,dsprullgt@economist.com,Female,9861
607,Aldous,Sebring,asebringgu@over-blog.com,Male,4814
608,Boonie,Clowser,bclowsergv@cbsnews.com,Male,2996
609,Ferdinande,Long,flonggw@reddit.com,Female,1030
610,Addison,Akker,aakkergx@hexun.com,Male,3091
611,Ganny,Kiehnlt,gkiehnltgy@wisc.edu,Male,2813
612,Vachel,Vellacott,vvellacottgz@forbes.com,Male,5697
613,Moishe,Maddison,mmaddisonh0@hatena.ne.jp,Male,4667
614,Fletch,Cordrey,fcordreyh1@zimbio.com,Male,5672
615,Vivie,Chupin,vchupinh2@nyu.edu,Female,3903
616,Dorian,Zorer,dzorerh3@berkeley.edu,Female,7401
617,Leann,Pringour,lpringourh4@nytimes.com,Female,2929
618,Cynde,Loveland,clovelandh5@printfriendly.com,Female,4360
619,Hamlen,Dyster,hdysterh6@odnoklassniki.ru,Male,6123
620,Skyler,Brayne,sbrayneh7@google.it,Male,3263
621,Jerald,Halston,jhalstonh8@smugmug.com,Male,6212
622,Lorelei,Piborn,lpibornh9@mashable.com,Female,1982
623,Saw,Lashmore,slashmoreha@elegantthemes.com,Male,7206
624,Elsi,Kitcherside,ekitchersidehb@newyorker.com,Female,5628
625,Tripp,Hallut,thalluthc@cnn.com,Male,8597
626,Uta,Roberti,urobertihd@goodreads.com,Female,8064
627,Janna,Flann,jflannhe@constantcontact.com,Female,8904
628,Sue,McPaik,smcpaikhf@drupal.org,Female,4092
629,Myrwyn,Bick,mbickhg@google.it,Male,7562
630,Lorelei,Llewelyn,lllewelynhh@apple.com,Female,2719
631,Arabella,Fahy,afahyhi@rambler.ru,Female,6656
632,Carmela,Eccott,ceccotthj@dell.com,Female,6465
633,Sib,O'Hagan,sohaganhk@home.pl,Female,724
634,Mina,Grime,mgrimehl@histats.com,Female,1915
635,Stuart,Loxly,sloxlyhm@wunderground.com,Male,9038
636,Barrie,Andrus,bandrushn@w3.org,Female,4029
637,Rex,Ninnis,rninnisho@ameblo.jp,Male,5322
638,Kitti,Tight,ktighthp@go.com,Female,6289
639,Dorey,Verheyden,dverheydenhq@miibeian.gov.cn,Male,4277
640,Federica,Tippetts,ftippettshr@sourceforge.net,Female,9624
641,Corrianne,Beaufoy,cbeaufoyhs@reddit.com,Female,4978
642,Ruy,Daen,rdaenht@nbcnews.com,Male,8313
643,Constance,Fahey,cfaheyhu@sciencedirect.com,Female,2169
644,Beverly,Kaiser,bkaiserhv@about.me,Female,4613
645,Buddy,Dionisetti,bdionisettihw@google.nl,Male,4010
646,Tiffie,Simonassi,tsimonassihx@tuttocitta.it,Female,7835
647,Geneva,Cancellario,gcancellariohy@flavors.me,Female,5399
648,Godart,Rudgley,grudgleyhz@columbia.edu,Male,2160
649,Jan,Gregolin,jgregolini0@liveinternet.ru,Male,1491
650,Ricoriki,Dartan,rdartani1@yandex.ru,Male,7672
651,Ragnar,Reims,rreimsi2@independent.co.uk,Male,7936
652,Kimmy,Rosenauer,krosenaueri3@nih.gov,Female,1411
653,Wileen,Jacson,wjacsoni4@wikimedia.org,Female,9693
654,Hermann,Filyaev,hfilyaevi5@webnode.com,Male,1670
655,Skippie,Franklyn,sfranklyni6@sciencedirect.com,Male,7163
656,Therese,Dudin,tdudini7@drupal.org,Female,783
657,Leann,Bartoletti,lbartolettii8@symantec.com,Female,6054
658,Lou,McMylor,lmcmylori9@illinois.edu,Female,2678
659,Brear,Iddison,biddisonia@cnbc.com,Female,8422
660,Jeffy,Keddle,jkeddleib@deliciousdays.com,Male,2410
661,Ogdon,Roberti,orobertiic@google.com.au,Male,6816
662,Riane,Dockray,rdockrayid@flickr.com,Female,8799
663,Yevette,Shevlane,yshevlaneie@abc.net.au,Female,7382
664,Trent,Rosoman,trosomanif@redcross.org,Male,4643
665,Harper,Tonge,htongeig@businessweek.com,Male,6472
666,Marquita,Reily,mreilyih@spotify.com,Female,9674
667,Sasha,Ledekker,sledekkerii@epa.gov,Male,9390
668,Hastie,Eltringham,heltringhamij@blogtalkradio.com,Male,5422
669,Petronia,Ibotson,pibotsonik@dailymotion.com,Female,6287
670,Lilah,Dulinty,ldulintyil@ehow.com,Female,1874
671,Donnie,Lampard,dlampardim@geocities.jp,Female,8414
672,Guenevere,Yakunin,gyakuninin@ehow.com,Female,660
673,Dayle,Eckery,deckeryio@1688.com,Female,7404
674,Huntington,Morgen,hmorgenip@theguardian.com,Male,4531
675,Grier,Peirazzi,gpeirazziiq@dagondesign.com,Female,3094
676,Heidie,Teale,htealeir@army.mil,Female,9177
677,Pearce,Jacson,pjacsonis@ucsd.edu,Male,2810
678,Mady,Towsie,mtowsieit@accuweather.com,Female,7840
679,Lazarus,Condit,lconditiu@vkontakte.ru,Male,6020
680,Hartwell,Bozier,hbozieriv@state.gov,Male,9420
681,Marcelia,Lace,mlaceiw@ebay.co.uk,Female,226
682,Aymer,Sowle,asowleix@quantcast.com,Male,5539
683,Corina,Deluce,cdeluceiy@github.io,Female,1851
684,Lamond,Le Marchand,llemarchandiz@bloglines.com,Male,7246
685,Beau,Mesias,bmesiasj0@hao123.com,Male,4637
686,Donall,Misken,dmiskenj1@topsy.com,Male,145
687,Babette,Wyllie,bwylliej2@odnoklassniki.ru,Female,6435
688,Kissie,Wahlberg,kwahlbergj3@exblog.jp,Female,393
689,Ardelle,Andrzejczak,aandrzejczakj4@yahoo.co.jp,Female,1830
690,Vicky,Kryska,vkryskaj5@about.com,Female,9142
691,Ivy,Giacomelli,igiacomellij6@cafepress.com,Female,4885
692,Graehme,Schindler,gschindlerj7@creativecommons.org,Male,1331
693,Issy,Glenn,iglennj8@bigcartel.com,Female,9648
694,Eloise,Fuster,efusterj9@bbc.co.uk,Female,3716
695,Kip,Vaneschi,kvaneschija@nyu.edu,Male,789
696,Ciel,Hehnke,chehnkejb@exblog.jp,Female,8675
697,Shepperd,Carrol,scarroljc@statcounter.com,Male,1713
698,Ritchie,Veronique,rveroniquejd@prweb.com,Male,7341
699,Cletus,Veltman,cveltmanje@slashdot.org,Male,502
700,Remy,Pulley,rpulleyjf@va.gov,Female,6444
701,Carolyne,Testin,ctestinjg@nytimes.com,Female,2551
702,Lek,O' Dornan,lodornanjh@hubpages.com,Male,1505
703,Rorke,Lobb,rlobbji@google.ru,Male,356
704,Aguie,Andrewartha,aandrewarthajj@hc360.com,Male,4712
705,Rory,Edmonson,redmonsonjk@tuttocitta.it,Female,4767
706,Randolph,Abrahamson,rabrahamsonjl@dropbox.com,Male,1269
707,Ives,McGill,imcgilljm@irs.gov,Male,8699
708,Manya,Pfeffer,mpfefferjn@addthis.com,Female,8472
709,Jasmina,Swidenbank,jswidenbankjo@toplist.cz,Female,5127
710,Sawyere,Fernie,sferniejp@google.pl,Male,8365
711,Darya,Lampart,dlampartjq@timesonline.co.uk,Female,3501
712,Giorgi,Seys,gseysjr@devhub.com,Male,8174
713,Bryanty,Treweke,btrewekejs@mapy.cz,Male,174
714,Amos,Bidmead,abidmeadjt@auda.org.au,Male,6835
715,Rudiger,Kitley,rkitleyju@ihg.com,Male,8060
716,Myer,Freschini,mfreschinijv@cafepress.com,Male,409
717,Stearn,Gommey,sgommeyjw@parallels.com,Male,1575
718,Kare,Tainton,ktaintonjx@washington.edu,Female,7182
719,Timmie,Vankin,tvankinjy@tamu.edu,Female,6372
720,Magnum,Cicutto,mcicuttojz@mapy.cz,Male,8688
721,Ian,Curteis,icurteisk0@zdnet.com,Male,5027
722,Celinka,Southwell,csouthwellk1@tinypic.com,Female,9538
723,Lyle,Malt,lmaltk2@artisteer.com,Male,3627
724,Lilah,Mockes,lmockesk3@telegraph.co.uk,Female,9737
725,Wilie,Shetliff,wshetliffk4@macromedia.com,Female,4065
726,Christoffer,Faye,cfayek5@elpais.com,Male,8211
727,Sonnie,Jaqueme,sjaquemek6@taobao.com,Female,1193
728,Ainslie,Carslake,acarslakek7@hud.gov,Female,9105
729,Menard,Wolfenden,mwolfendenk8@europa.eu,Male,5670
730,Isa,Lapthorne,ilapthornek9@edublogs.org,Female,154
731,Casar,Sheepy,csheepyka@comcast.net,Male,872
732,Malynda,Holleworth,mholleworthkb@hatena.ne.jp,Female,9116
733,Aurea,Deboy,adeboykc@gizmodo.com,Female,9691
734,Fernandina,Joslyn,fjoslynkd@goodreads.com,Female,9564
735,Sibilla,Tuftin,stuftinke@reference.com,Female,3192
736,Lorant,Molder,lmolderkf@mashable.com,Male,8078
737,Ashlan,Camings,acamingskg@macromedia.com,Female,8319
738,Enrika,Brinkworth,ebrinkworthkh@printfriendly.com,Female,6170
739,Pippa,Joisce,pjoisceki@skype.com,Female,6852
740,Marylee,Blaskett,mblaskettkj@jigsy.com,Female,2655
741,Cynthea,Greenrde,cgreenrdekk@amazon.com,Female,9051
742,Bernardina,Hurdle,bhurdlekl@jiathis.com,Female,4676
743,Helen-elizabeth,Clewley,hclewleykm@tiny.cc,Female,7402
744,Kilian,Fuke,kfukekn@comsenz.com,Male,9507
745,Susie,Faithfull,sfaithfullko@npr.org,Female,6849
746,Perl,Snassell,psnassellkp@cmu.edu,Female,1413
747,Ellen,Kopke,ekopkekq@abc.net.au,Female,8672
748,Daryn,Rhucroft,drhucroftkr@si.edu,Female,4843
749,Jacob,Frichley,jfrichleyks@marriott.com,Male,5025
750,Hal,Riggert,hriggertkt@hc360.com,Male,3516
751,Elisabeth,Gabbot,egabbotku@google.cn,Female,2740
752,Cayla,Carlyon,ccarlyonkv@live.com,Female,2043
753,Clem,Andrew,candrewkw@angelfire.com,Male,8578
754,Mitzi,Sporrij,msporrijkx@unesco.org,Female,4277
755,Natala,Arden,nardenky@skyrock.com,Female,7973
756,Amerigo,O'Farris,aofarriskz@tamu.edu,Male,5288
757,Moshe,McKeag,mmckeagl0@topsy.com,Male,9662
758,Yorker,Skeemor,yskeemorl1@php.net,Male,6553
759,Celinka,Suff,csuffl2@drupal.org,Female,937
760,Roch,Pratley,rpratleyl3@reference.com,Female,6383
761,Lotte,Hugueville,lhuguevillel4@icio.us,Female,7378
762,Devin,Weitzel,dweitzell5@ftc.gov,Male,1356
763,Olva,Whittock,owhittockl6@multiply.com,Female,6585
764,Ingmar,Petrak,ipetrakl7@earthlink.net,Male,7191
765,Hyacinthie,Annesley,hannesleyl8@moonfruit.com,Female,2331
766,Mariam,Gaskin,mgaskinl9@slashdot.org,Female,5581
767,Arnuad,Halburton,ahalburtonla@psu.edu,Male,3182
768,Christie,Branthwaite,cbranthwaitelb@sourceforge.net,Male,874
769,Carlo,Bannerman,cbannermanlc@chron.com,Male,7314
770,Johannes,Routham,jrouthamld@taobao.com,Male,3547
771,Amie,Glandfield,aglandfieldle@google.ca,Female,1751
772,Egor,Brandino,ebrandinolf@washington.edu,Male,7969
773,Ferrell,Bohman,fbohmanlg@howstuffworks.com,Male,7984
774,Hilde,Grisewood,hgrisewoodlh@usatoday.com,Female,2831
775,Florina,Yousef,fyousefli@freewebs.com,Female,313
776,Fremont,Le Marchand,flemarchandlj@wix.com,Male,1547
777,Ogdon,Gotecliffe,ogotecliffelk@amazon.co.jp,Male,3556
778,Yoshi,Withams,ywithamsll@wsj.com,Female,1095
779,Janene,Askem,jaskemlm@weather.com,Female,662
780,Flint,Paragreen,fparagreenln@sfgate.com,Male,9586
781,Ann-marie,Jickles,ajickleslo@umich.edu,Female,4322
782,Ebba,Domenici,edomenicilp@fastcompany.com,Female,5359
783,Wiley,McGriffin,wmcgriffinlq@java.com,Male,7415
784,Gabbie,Whear,gwhearlr@weebly.com,Male,6731
785,Lilla,Etty,lettyls@ocn.ne.jp,Female,2084
786,Milty,Heathorn,mheathornlt@netscape.com,Male,8673
787,Brittani,Vodden,bvoddenlu@fc2.com,Female,4482
788,Craggy,Eggers,ceggerslv@webs.com,Male,7716
789,Anatole,Clethro,aclethrolw@typepad.com,Male,8564
790,Julius,Feifer,jfeiferlx@bandcamp.com,Male,9905
791,Olivero,Ikins,oikinsly@stumbleupon.com,Male,1119
792,Ashleigh,Layton,alaytonlz@geocities.com,Female,8170
793,Gearalt,Gissing,ggissingm0@yahoo.com,Male,8203
794,Evangelina,Wardlow,ewardlowm1@odnoklassniki.ru,Female,8618
795,Lise,Nani,lnanim2@china.com.cn,Female,2534
796,Davidson,Lambricht,dlambrichtm3@intel.com,Male,7878
797,Durward,Regardsoe,dregardsoem4@symantec.com,Male,6905
798,Charmine,Borton,cbortonm5@wikimedia.org,Female,2374
799,Keefe,Ravenshaw,kravenshawm6@123-reg.co.uk,Male,4740
800,Leicester,Paintain,lpaintainm7@addthis.com,Male,2134
801,Conny,Normanvell,cnormanvellm8@hud.gov,Female,211
802,Harrietta,McMeyler,hmcmeylerm9@cam.ac.uk,Female,7601
803,Josi,Simonyi,jsimonyima@tinypic.com,Female,1040
804,Sacha,Ostler,sostlermb@ucoz.com,Female,5009
805,Charley,Matczak,cmatczakmc@shareasale.com,Male,4458
806,Suzann,Folini,sfolinimd@google.ru,Female,3546
807,Melita,Spare,mspareme@diigo.com,Female,8197
808,Hillary,Beswick,hbeswickmf@hp.com,Male,1720
809,Lanae,Jocic,ljocicmg@google.nl,Female,2116
810,Parnell,Gracewood,pgracewoodmh@e-recht24.de,Male,8676
811,Alli,Fritche,afritchemi@biblegateway.com,Female,5747
812,Syman,Shelton,ssheltonmj@harvard.edu,Male,267
813,Curran,Welch,cwelchmk@ox.ac.uk,Male,6905
814,Ruthy,Delong,rdelongml@google.es,Female,417
815,Zulema,D'Avaux,zdavauxmm@msn.com,Female,4789
816,Jakob,Bamfield,jbamfieldmn@booking.com,Male,151
817,Cale,Crang,ccrangmo@loc.gov,Male,7806
818,Christoffer,Rosetti,crosettimp@twitpic.com,Male,2913
819,Avigdor,Ferronel,aferronelmq@feedburner.com,Male,9829
820,Cristian,O'Bradden,cobraddenmr@lulu.com,Male,9771
821,Viviene,Cunde,vcundems@alibaba.com,Female,6672
822,Natty,Pashba,npashbamt@1688.com,Female,8823
823,Rudyard,Sommerville,rsommervillemu@nsw.gov.au,Male,6769
824,Pris,Semmens,psemmensmv@ftc.gov,Female,3836
825,Rhodia,Lewens,rlewensmw@friendfeed.com,Female,6092
826,Murial,Tollerfield,mtollerfieldmx@amazon.co.jp,Female,3838
827,Joann,Asken,jaskenmy@biblegateway.com,Female,8541
828,Goldia,Walls,gwallsmz@army.mil,Female,5989
829,Valery,Wiseman,vwisemann0@nymag.com,Female,5395
830,Ettore,Robrow,erobrown1@bandcamp.com,Male,4477
831,Rebekkah,Baruch,rbaruchn2@techcrunch.com,Female,5075
832,Nefen,Jantel,njanteln3@gizmodo.com,Male,1681
833,Yancey,Thalmann,ythalmannn4@tinypic.com,Male,8740
834,Kandace,Pervoe,kpervoen5@acquirethisname.com,Female,5504
835,Horace,Boughen,hboughenn6@hp.com,Male,8952
836,Janis,Balloch,jballochn7@twitpic.com,Female,2178
837,Adrian,Mumby,amumbyn8@washingtonpost.com,Male,6267
838,Natale,Petrolli,npetrollin9@fda.gov,Male,6930
839,Boyce,Boyford,bboyfordna@cbc.ca,Male,8998
840,Stillmann,Whytock,swhytocknb@fastcompany.com,Male,6406
841,Jasmin,Lippi,jlippinc@unicef.org,Female,6708
842,Lowell,Greenhalgh,lgreenhalghnd@plala.or.jp,Male,7720
843,Davidson,Greenlies,dgreenliesne@shop-pro.jp,Male,6457
844,Dexter,Upjohn,dupjohnnf@twitpic.com,Male,2580
845,Dode,Pelling,dpellingng@posterous.com,Female,9100
846,Babbette,Krzyzanowski,bkrzyzanowskinh@trellian.com,Female,2229
847,Aviva,Georgius,ageorgiusni@cdc.gov,Female,7339
848,Matilde,Lamplugh,mlamplughnj@hc360.com,Female,464
849,Adorne,Jankin,ajankinnk@theatlantic.com,Female,3092
850,Morty,Drought,mdroughtnl@slate.com,Male,9002
851,Evan,Ebbett,eebbettnm@angelfire.com,Male,9692
852,Legra,McGillreich,lmcgillreichnn@merriam-webster.com,Female,5165
853,Maynard,Wint,mwintno@sciencedirect.com,Male,8513
854,Sawyere,Greig,sgreignp@techcrunch.com,Male,1774
855,Corbet,Samples,csamplesnq@a8.net,Male,1515
856,Blake,Bagnold,bbagnoldnr@livejournal.com,Male,5024
857,Josselyn,Lamberteschi,jlamberteschins@moonfruit.com,Female,2580
858,Thorvald,Plewes,tplewesnt@ca.gov,Male,8362
859,Manon,Lithgow,mlithgownu@topsy.com,Female,8796
860,Sophie,Heed,sheednv@exblog.jp,Female,9654
861,Barclay,Berggren,bberggrennw@indiatimes.com,Male,2887
862,Flem,Phoenix,fphoenixnx@moonfruit.com,Male,1183
863,Guillermo,Anton,gantonny@patch.com,Male,4790
864,Glenna,Triplett,gtriplettnz@barnesandnoble.com,Female,9232
865,Dennison,Gabbett,dgabbetto0@amazon.de,Male,1114
866,Godard,Ryman,grymano1@addthis.com,Male,5601
867,Rudie,Killelay,rkillelayo2@indiatimes.com,Male,2069
868,Paolina,Bestiman,pbestimano3@ning.com,Female,6363
869,Hollyanne,Panniers,hpannierso4@webnode.com,Female,8722
870,Karina,Billett,kbilletto5@google.cn,Female,9417
871,Jarrad,Tompkins,jtompkinso6@alexa.com,Male,7048
872,Jo-ann,Ickovitz,jickovitzo7@lycos.com,Female,3155
873,Cassy,Mizzen,cmizzeno8@phoca.cz,Female,1636
874,Gloria,Coldridge,gcoldridgeo9@miibeian.gov.cn,Female,5158
875,Othella,Roundtree,oroundtreeoa@utexas.edu,Female,241
876,Maximilianus,Rechert,mrechertob@shutterfly.com,Male,8845
877,Cordell,Calbreath,ccalbreathoc@berkeley.edu,Male,6140
878,Kalindi,Wanjek,kwanjekod@ucoz.com,Female,4607
879,Jeremiah,La Torre,jlatorreoe@wikimedia.org,Male,1586
880,Freeland,Laugier,flaugierof@printfriendly.com,Male,9703
881,Benedikt,Rawes,brawesog@sciencedirect.com,Male,6203
882,Dorry,Roantree,droantreeoh@nba.com,Female,7870
883,Dillon,Munnings,dmunningsoi@google.co.uk,Male,8092
884,Eddy,Kid,ekidoj@plala.or.jp,Male,2067
885,Ransom,Daughtry,rdaughtryok@fc2.com,Male,6537
886,Vivian,Gantlett,vgantlettol@si.edu,Female,8023
887,Hersch,Bicksteth,hbickstethom@umich.edu,Male,3662
888,Timoteo,Golden,tgoldenon@mail.ru,Male,5236
889,Malissia,Dutchburn,mdutchburnoo@fastcompany.com,Female,4484
890,Trueman,Taynton,ttayntonop@europa.eu,Male,8679
891,Nial,Gave,ngaveoq@nifty.com,Male,7140
892,Quinta,Wyd,qwydor@ask.com,Female,1421
893,Shelton,Mayhow,smayhowos@de.vu,Male,6381
894,Broderic,Churn,bchurnot@dailymail.co.uk,Male,6466
895,Hillie,Giacubbo,hgiacubboou@hostgator.com,Male,1670
896,Eileen,Saby,esabyov@flavors.me,Female,5944
897,Cornelius,Patria,cpatriaow@networksolutions.com,Male,6817
898,Riki,Corteis,rcorteisox@ycombinator.com,Female,1263
899,Alden,Merrgan,amerrganoy@shutterfly.com,Male,3872
900,Robbyn,Lammerts,rlammertsoz@discuz.net,Female,8881
901,Dona,Andrejs,dandrejsp0@businessweek.com,Female,1642
902,Neddy,Lannen,nlannenp1@mysql.com,Male,9333
903,Feliks,Yurmanovev,fyurmanovevp2@ning.com,Male,4108
904,Shelia,Scarbarrow,sscarbarrowp3@java.com,Female,6437
905,Brooke,Worrell,bworrellp4@loc.gov,Female,5058
906,Leoine,Brymner,lbrymnerp5@dedecms.com,Female,115
907,Martelle,Ales,malesp6@pen.io,Female,6217
908,Julita,Minci,jmincip7@elegantthemes.com,Female,8239
909,Joline,Planque,jplanquep8@oakley.com,Female,7898
910,Cazzie,Mateu,cmateup9@admin.ch,Male,6455
911,Storm,Garritley,sgarritleypa@netlog.com,Female,4106
912,Kordula,Linck,klinckpb@bing.com,Female,931
913,Easter,Abisetti,eabisettipc@bbc.co.uk,Female,7567
914,Yulma,McEachern,ymceachernpd@cbsnews.com,Male,9592
915,Thornton,Fullick,tfullickpe@shareasale.com,Male,6115
916,Godiva,Freathy,gfreathypf@people.com.cn,Female,1180
917,Ellerey,Matteau,ematteaupg@spiegel.de,Male,4799
918,Druci,Lamburn,dlamburnph@infoseek.co.jp,Female,9410
919,Fitzgerald,Mushawe,fmushawepi@barnesandnoble.com,Male,5553
920,Remy,Young,ryoungpj@xing.com,Female,5410
921,Georgetta,Groomebridge,ggroomebridgepk@diigo.com,Female,6855
922,Emery,Gallager,egallagerpl@google.nl,Male,7428
923,Skyler,Jarman,sjarmanpm@istockphoto.com,Male,792
924,Lyndy,Wodeland,lwodelandpn@facebook.com,Female,8517
925,Sharia,Bamborough,sbamboroughpo@vimeo.com,Female,6294
926,Verina,Brightwell,vbrightwellpp@ameblo.jp,Female,7859
927,Fleur,Hollyman,fhollymanpq@hatena.ne.jp,Female,4875
928,Griselda,Pont,gpontpr@fastcompany.com,Female,5864
929,Ignazio,Igounet,iigounetps@goo.ne.jp,Male,7305
930,Carlin,Rodenburgh,crodenburghpt@merriam-webster.com,Female,178
931,Clarance,Spilisy,cspilisypu@marketwatch.com,Male,7135
932,Earvin,St. Hill,esthillpv@flavors.me,Male,8541
933,Xenos,Gegay,xgegaypw@prnewswire.com,Male,9493
934,Grete,Wason,gwasonpx@businessweek.com,Female,7226
935,Reinald,Esel,reselpy@state.tx.us,Male,182
936,Dyana,Varley,dvarleypz@engadget.com,Female,3513
937,Caz,Gartsyde,cgartsydeq0@oaic.gov.au,Male,8889
938,Rudd,Patient,rpatientq1@etsy.com,Male,5142
939,Shaina,Pettet,spettetq2@vk.com,Female,8552
940,Kiley,Josephi,kjosephiq3@si.edu,Female,5714
941,Siouxie,Akhurst,sakhurstq4@lycos.com,Female,132
942,Jarret,Hampshaw,jhampshawq5@miibeian.gov.cn,Male,640
943,Evania,Eustis,eeustisq6@netscape.com,Female,4133
944,Carlynne,Bigadike,cbigadikeq7@quantcast.com,Female,7653
945,Filide,Matteini,fmatteiniq8@ebay.co.uk,Female,3910
946,Laina,Nickels,lnickelsq9@buzzfeed.com,Female,7258
947,Ilario,Yellowley,iyellowleyqa@shutterfly.com,Male,8899
948,Judi,Nend,jnendqb@mozilla.org,Female,2737
949,Brok,Yersin,byersinqc@oracle.com,Male,5522
950,Lee,Stubbin,lstubbinqd@opensource.org,Female,3043
951,Jacki,Dubose,jduboseqe@wiley.com,Female,3171
952,Verne,Robison,vrobisonqf@drupal.org,Male,5978
953,Matilda,Fleeman,mfleemanqg@google.cn,Female,3391
954,Odella,McLardie,omclardieqh@salon.com,Female,3354
955,Christian,Balhatchet,cbalhatchetqi@edublogs.org,Female,7425
956,Alford,Yude,ayudeqj@ebay.co.uk,Male,367
957,Dari,Leidl,dleidlqk@networkadvertising.org,Female,7681
958,Ranique,Waldren,rwaldrenql@bigcartel.com,Female,1368
959,Silvan,Geaveny,sgeavenyqm@samsung.com,Male,3443
960,Ferne,Monelle,fmonelleqn@phoca.cz,Female,900
961,Brnaba,Le Houx,blehouxqo@adobe.com,Male,8894
962,Sheree,Francillo,sfrancilloqp@hostgator.com,Female,2496
963,Stearne,Perham,sperhamqq@infoseek.co.jp,Male,3648
964,Emery,Jobbins,ejobbinsqr@apple.com,Male,7033
965,Gerome,Isherwood,gisherwoodqs@friendfeed.com,Male,5584
966,Leopold,Lewzey,llewzeyqt@yelp.com,Male,5059
967,Adrian,Vannozzii,avannozziiqu@plala.or.jp,Female,5360
968,Pietrek,Lyptratt,plyptrattqv@accuweather.com,Male,616
969,Eben,Merle,emerleqw@gravatar.com,Male,6729
970,Susanne,Panchin,spanchinqx@springer.com,Female,6505
971,Danette,Fenne,dfenneqy@constantcontact.com,Female,2777
972,Davine,Jaycocks,djaycocksqz@vistaprint.com,Female,5630
973,Henka,Badrock,hbadrockr0@comsenz.com,Female,7293
974,Trevar,Knutton,tknuttonr1@businessweek.com,Male,8434
975,Aldin,Adami,aadamir2@foxnews.com,Male,8702
976,Annabelle,Dundredge,adundredger3@blinklist.com,Female,1956
977,Cecile,Charlick,ccharlickr4@reverbnation.com,Female,5815
978,Claudio,Janecki,cjaneckir5@geocities.jp,Male,6805
979,Brigitte,Silveston,bsilvestonr6@wikia.com,Female,3333
980,Lion,Hawkett,lhawkettr7@infoseek.co.jp,Male,8841
981,Kahaleel,Blatchford,kblatchfordr8@tinypic.com,Male,5904
982,Constantino,Gallihaulk,cgallihaulkr9@macromedia.com,Male,7966
983,Honey,Kadd,hkaddra@usgs.gov,Female,6138
984,Nelson,Merkle,nmerklerb@house.gov,Male,8647
985,Siusan,Vella,svellarc@paginegialle.it,Female,2977
986,Shepherd,Daniellot,sdaniellotrd@marketwatch.com,Male,6411
987,Grange,Klessmann,gklessmannre@unc.edu,Male,6639
988,Godard,Sante,gsanterf@aol.com,Male,3975
989,Osbourn,Oxford,ooxfordrg@cisco.com,Male,8513
990,Oswald,Tatterton,otattertonrh@ezinearticles.com,Male,2054
991,Gabi,Kilpatrick,gkilpatrickri@techcrunch.com,Female,7714
992,Barnabe,Curme,bcurmerj@indiegogo.com,Male,9550
993,Loella,Blood,lbloodrk@howstuffworks.com,Female,5457
994,Andris,Doey,adoeyrl@narod.ru,Male,8072
995,Wylma,Guard,wguardrm@reuters.com,Female,7356
996,Leonora,Danels,ldanelsrn@elpais.com,Female,7228
997,Kellie,Arger,kargerro@latimes.com,Female,9751
998,Matthaeus,Gudgin,mgudginrp@spiegel.de,Male,2766
999,Marv,Cruikshank,mcruikshankrq@mtv.com,Male,6894
1000,Annmaria,Pocknoll,apocknollrr@feedburner.com,Female,7634
